title,status
Syntax Error,400
Syntax Error,400
Syntax Error,400
Syntax Error,400
Syntax Error,400
Syntax Error,400
Syntax Error,400
Syntax Error,400
Syntax Error,400
Syntax Error,400
Syntax Error,400
Syntax Error,400
Syntax Error,400
Syntax Error,400
Syntax Error,400
Syntax Error,400
Syntax Error,400
Syntax Error,400
Syntax Error,400
Syntax Error,400
Syntax Error,400
Syntax Error,400
Syntax Error,400
Syntax Error,400
Syntax Error,400
Syntax Error,400
Syntax Error,400
Syntax Error,400
Syntax Error,400
Syntax Error,400
Syntax Error,400
Syntax Error,400
Syntax Error,400
Syntax Error,400
Syntax Error,400
Syntax Error,400
Syntax Error,400
Syntax Error,400
Syntax Error,400
Syntax Error,400
Syntax Error,400
Syntax Error,400
Syntax Error,400
Syntax Error,400
Syntax Error,400
Syntax Error,400
Syntax Error,400
Syntax Error,400
Syntax Error,400
Syntax Error,400
Syntax Error,400
Syntax Error,400
Syntax Error,400
Syntax Error,400
Syntax Error,400
Syntax Error,400
Syntax Error,400
Syntax Error,400
Syntax Error,400
Syntax Error,400
Syntax Error,400
Syntax Error,400
Syntax Error,400
Syntax Error,400
Syntax Error,400
Syntax Error,400
Syntax Error,400
Syntax Error,400
Syntax Error,400
Syntax Error,400
Syntax Error,400
Syntax Error,400
Syntax Error,400
Syntax Error,400
Syntax Error,400
Syntax Error,400
Syntax Error,400
Syntax Error,400
Syntax Error,400
Syntax Error,400
Syntax Error,400
Syntax Error,400
Syntax Error,400
Syntax Error,400
Syntax Error,400
Syntax Error,400
Syntax Error,400
Syntax Error,400
Syntax Error,400
Syntax Error,400
Syntax Error,400
Syntax Error,400
Syntax Error,400
Syntax Error,400
Syntax Error,400
Syntax Error,400
Syntax Error,400
Syntax Error,400
Syntax Error,400
Syntax Error,400
Syntax Error,400
Syntax Error,400
Syntax Error,400
Syntax Error,400
Syntax Error,400
Syntax Error,400
Syntax Error,400
Syntax Error,400
Syntax Error,400
Syntax Error,400
Syntax Error,400
Syntax Error,400
Syntax Error,400
Syntax Error,400
Syntax Error,400
Syntax Error,400
Syntax Error,400
Syntax Error,400
Syntax Error,400
Syntax Error,400
Syntax Error,400
Syntax Error,400
Syntax Error,400
Syntax Error,400
Syntax Error,400
Syntax Error,400
Syntax Error,400
Syntax Error,400
Syntax Error,400
Syntax Error,400
Syntax Error,400
Syntax Error,400
Syntax Error,400
Syntax Error,400
Syntax Error,400
Syntax Error,400
Syntax Error,400
Syntax Error,400
Syntax Error,400
Syntax Error,400
Syntax Error,400
Syntax Error,400
Syntax Error,400
Syntax Error,400
Syntax Error,400
Syntax Error,400
Syntax Error,400
Syntax Error,400
Syntax Error,400
Syntax Error,400
Syntax Error,400
Syntax Error,400
Syntax Error,400
Syntax Error,400
Syntax Error,400
Syntax Error,400
Syntax Error,400
Syntax Error,400
Syntax Error,400
Syntax Error,400
Syntax Error,400
Syntax Error,400
Syntax Error,400
Syntax Error,400
Syntax Error,400
Syntax Error,400
Syntax Error,400
Syntax Error,400
Syntax Error,400
Syntax Error,400
Syntax Error,400
Syntax Error,400
Syntax Error,400
Syntax Error,400
Syntax Error,400
Syntax Error,400
Syntax Error,400
Syntax Error,400
Syntax Error,400
Syntax Error,400
Syntax Error,400
Syntax Error,400
Syntax Error,400
Syntax Error,400
Syntax Error,400
Syntax Error,400
Syntax Error,400
Syntax Error,400
Syntax Error,400
Syntax Error,400
Syntax Error,400
Syntax Error,400
Syntax Error,400
Syntax Error,400
Syntax Error,400
Syntax Error,400
Syntax Error,400
Syntax Error,400
Syntax Error,400
Syntax Error,400
Syntax Error,400
Syntax Error,400
Syntax Error,400
Syntax Error,400
Syntax Error,400
Syntax Error,400
Syntax Error,400
Syntax Error,400
Syntax Error,400
Syntax Error,400
Syntax Error,400
Syntax Error,400
Syntax Error,400
Syntax Error,400
Syntax Error,400
Syntax Error,400
Syntax Error,400
Syntax Error,400
Syntax Error,400
Syntax Error,400
Syntax Error,400
Syntax Error,400
Syntax Error,400
Syntax Error,400
Syntax Error,400
Syntax Error,400
Syntax Error,400
Syntax Error,400
Syntax Error,400
Syntax Error,400
Syntax Error,400
Syntax Error,400
Syntax Error,400
Syntax Error,400
Syntax Error,400
Syntax Error,400
Syntax Error,400
Syntax Error,400
Syntax Error,400
Syntax Error,400
Syntax Error,400
Syntax Error,400
Syntax Error,400
Syntax Error,400
Syntax Error,400
Syntax Error,400
Syntax Error,400
Syntax Error,400
Syntax Error,400
Syntax Error,400
Syntax Error,400
Syntax Error,400
Syntax Error,400
Syntax Error,400
Syntax Error,400
Syntax Error,400
Syntax Error,400
Syntax Error,400
Syntax Error,400
Syntax Error,400
Syntax Error,400
Syntax Error,400
Syntax Error,400
Syntax Error,400
Syntax Error,400
Syntax Error,400
Syntax Error,400
Syntax Error,400
Syntax Error,400
Syntax Error,400
Syntax Error,400
Syntax Error,400
Syntax Error,400
Syntax Error,400
Syntax Error,400
Syntax Error,400
Syntax Error,400
Syntax Error,400
Syntax Error,400
Syntax Error,400
Syntax Error,400
Syntax Error,400
Syntax Error,400
Syntax Error,400
Syntax Error,400
Syntax Error,400
Syntax Error,400
Syntax Error,400
Syntax Error,400
Syntax Error,400
Syntax Error,400
Syntax Error,400
Syntax Error,400
Syntax Error,400
Syntax Error,400
Syntax Error,400
Syntax Error,400
Syntax Error,400
Syntax Error,400
Syntax Error,400
Syntax Error,400
Syntax Error,400
Syntax Error,400
Syntax Error,400
Syntax Error,400
Syntax Error,400
Syntax Error,400
Syntax Error,400
Syntax Error,400
Syntax Error,400
Syntax Error,400
Syntax Error,400
Syntax Error,400
Syntax Error,400
Syntax Error,400
Syntax Error,400
Syntax Error,400
Syntax Error,400
Syntax Error,400
Syntax Error,400
Syntax Error,400
Syntax Error,400
Syntax Error,400
Syntax Error,400
Syntax Error,400
Syntax Error,400
Syntax Error,400
Syntax Error,400
Syntax Error,400
Syntax Error,400
Syntax Error,400
Syntax Error,400
Syntax Error,400
Syntax Error,400
Syntax Error,400
Syntax Error,400
Syntax Error,400
Syntax Error,400
Syntax Error,400
Syntax Error,400
Syntax Error,400
Syntax Error,400
Syntax Error,400
Syntax Error,400
Syntax Error,400
Syntax Error,400
Syntax Error,400
Syntax Error,400
Syntax Error,400
Syntax Error,400
Syntax Error,400
Syntax Error,400
Syntax Error,400
Syntax Error,400
Syntax Error,400
Syntax Error,400
Syntax Error,400
Syntax Error,400
Syntax Error,400
Syntax Error,400
Syntax Error,400
Syntax Error,400
Syntax Error,400
Syntax Error,400
Syntax Error,400
Syntax Error,400
Syntax Error,400
Syntax Error,400
Syntax Error,400
Syntax Error,400
Syntax Error,400
Syntax Error,400
Syntax Error,400
Syntax Error,400
Syntax Error,400
Syntax Error,400
Syntax Error,400
Syntax Error,400
Syntax Error,400
Syntax Error,400
Syntax Error,400
Syntax Error,400
Syntax Error,400
Syntax Error,400
Syntax Error,400
Syntax Error,400
Syntax Error,400
Syntax Error,400
Syntax Error,400
Syntax Error,400
Syntax Error,400
Syntax Error,400
Syntax Error,400
Syntax Error,400
Syntax Error,400
Syntax Error,400
Syntax Error,400
Syntax Error,400
Syntax Error,400
Syntax Error,400
Syntax Error,400
Syntax Error,400
Syntax Error,400
Syntax Error,400
Syntax Error,400
Syntax Error,400
Syntax Error,400
Syntax Error,400
Syntax Error,400
Syntax Error,400
Syntax Error,400
Syntax Error,400
Syntax Error,400
Syntax Error,400
Syntax Error,400
Syntax Error,400
Syntax Error,400
Syntax Error,400
Syntax Error,400
Syntax Error,400
Syntax Error,400
Syntax Error,400
Syntax Error,400
Syntax Error,400
Syntax Error,400
Syntax Error,400
Syntax Error,400
Syntax Error,400
Syntax Error,400
Syntax Error,400
Syntax Error,400
Syntax Error,400
Syntax Error,400
Syntax Error,400
Syntax Error,400
Syntax Error,400
Syntax Error,400
Syntax Error,400
Syntax Error,400
Syntax Error,400
Syntax Error,400
Syntax Error,400
Syntax Error,400
Syntax Error,400
Syntax Error,400
Syntax Error,400
Syntax Error,400
Syntax Error,400
Syntax Error,400
Syntax Error,400
Syntax Error,400
Syntax Error,400
Syntax Error,400
Syntax Error,400
Syntax Error,400
Syntax Error,400
Syntax Error,400
Syntax Error,400
Syntax Error,400
Syntax Error,400
Syntax Error,400
Syntax Error,400
Syntax Error,400
Syntax Error,400
Syntax Error,400
Syntax Error,400
Syntax Error,400
Syntax Error,400
Syntax Error,400
Syntax Error,400
Syntax Error,400
Syntax Error,400
Syntax Error,400
Syntax Error,400
Syntax Error,400
Syntax Error,400
Syntax Error,400
Syntax Error,400
Syntax Error,400
Syntax Error,400
Syntax Error,400
Syntax Error,400
Syntax Error,400
Syntax Error,400
Syntax Error,400
Syntax Error,400
Syntax Error,400
Syntax Error,400
Syntax Error,400
Syntax Error,400
Syntax Error,400
Syntax Error,400
Syntax Error,400
Syntax Error,400
Syntax Error,400
Syntax Error,400
Syntax Error,400
Syntax Error,400
Syntax Error,400
Syntax Error,400
Syntax Error,400
Syntax Error,400
Syntax Error,400
Syntax Error,400
Syntax Error,400
Syntax Error,400
Syntax Error,400
Syntax Error,400
Syntax Error,400
Syntax Error,400
Syntax Error,400
Syntax Error,400
Syntax Error,400
Syntax Error,400
Syntax Error,400
Syntax Error,400
Syntax Error,400
Syntax Error,400
Syntax Error,400
Syntax Error,400
Syntax Error,400
Syntax Error,400
Syntax Error,400
Syntax Error,400
Syntax Error,400
Syntax Error,400
Syntax Error,400
Syntax Error,400
Syntax Error,400
Syntax Error,400
Syntax Error,400
Syntax Error,400
Syntax Error,400
Syntax Error,400
Syntax Error,400
Syntax Error,400
Syntax Error,400
Syntax Error,400
Syntax Error,400
Syntax Error,400
Syntax Error,400
Syntax Error,400
Syntax Error,400
Syntax Error,400
Syntax Error,400
Syntax Error,400
Syntax Error,400
Syntax Error,400
Syntax Error,400
Syntax Error,400
Syntax Error,400
Syntax Error,400
Syntax Error,400
Syntax Error,400
Syntax Error,400
Syntax Error,400
Syntax Error,400
Syntax Error,400
Syntax Error,400
Syntax Error,400
Syntax Error,400
Syntax Error,400
Syntax Error,400
Syntax Error,400
Syntax Error,400
Syntax Error,400
Syntax Error,400
Syntax Error,400
Syntax Error,400
Syntax Error,400
Syntax Error,400
Syntax Error,400
Syntax Error,400
Syntax Error,400
Syntax Error,400
Syntax Error,400
Syntax Error,400
Syntax Error,400
Syntax Error,400
Syntax Error,400
Syntax Error,400
Syntax Error,400
Syntax Error,400
Syntax Error,400
Syntax Error,400
Syntax Error,400
Syntax Error,400
Syntax Error,400
Syntax Error,400
Syntax Error,400
Syntax Error,400
